AVENUE D,CALIFORNIA AVE,[]
BARNEVELD AVE,INDUSTRIAL ST \ SHAFTER AVE,[]
BAYVIEW CIR,NEWHALL ST,[]
BOCANA ST,ELLERT ST,[]
BOSWORTH ST,HAMERTON AVE,[]
06TH ST \ I-280 NORTHBOUND \ I-280 SOUTHBOUND,BRANNAN ST,[]
BREEN PL,MCALLISTER ST,[]
BRENTWOOD AVE,MANGELS AVE,[]
BREWSTER ST,MULLEN AVE,[]
BRODERICK ST,SUTTER ST,[]
BROMPTON AVE,CHENERY ST,[]
BROOKHAVEN LN,HUNTINGTON DR,[]
BRUNSWICK ST,CURTIS ST,[]
BRUSSELS ST,MANSELL ST,[]
BRUSSELS ST,ORDWAY ST,[]
BURROWS ST,MANSFIELD ST,[]
BUSH ST,WEBSTER ST,[]
CAMERON WAY,GRIFFITH ST,[]
CASTRO ST,SURREY ST,[]
CAYUGA AVE,SHAWNEE AVE,[]
CHERRY ST,CLAY ST,[]
CHRISTMAS TREE POINT RD,TWIN PEAKS BLVD,[]
CLINTON PARK,GUERRERO ST,[]
COLON AVE,MONTEREY BLVD,[]
CONNECTICUT ST,WISCONSIN ST,[]
CORDOVA ST,SEVILLE ST,[]
CORTLAND AVE,PRENTISS ST,[]
COSMO PL,JONES ST,[]
COTTER ST,SAN JOSE AVE,[]
DANIEL BURNHAM CT,FRANKLIN ST,[]
DARTMOUTH ST,DWIGHT ST,[]
DE HARO ST,FONTINELLA TER,[]
DELTA ST,HARKNESS AVE,[]
CLAREMONT BLVD \ KENSINGTON WAY \ MONTALVO AVE \ TARAVAL ST,DEWEY BLVD,[]
DIAMOND ST,UNNAMED 026,[]
DIVISADERO ST,GROVE ST,[]
DONAHUE ST,PULASKI AVE,[]
DORCAS WAY,STANFORD HEIGHTS AVE,[]
DORMITORY RD,JERROLD AVE \ NORTHRIDGE RD,[]
DUBOCE AVE,WALTER ST,[]
EDNA ST,HAVELOCK ST,[]
EDNA ST,MARSTON AVE,[]
EUCALYPTUS DR,JUNIPERO SERRA BLVD \ OCEAN AVE,[]
EUCALYPTUS DR,JUNIPERO SERRA BLVD,[]
EUCALYPTUS DR,GLADIOLUS LN,[]
EUCALYPTUS DR,MELBA AVE,[]
EUCALYPTUS DR,INVERNESS DR,[]
EUCALYPTUS DR,FOREST VIEW DR,[]
EUCALYPTUS DR,MEADOWBROOK DR,[]
EUCALYPTUS DR,SYLVAN DR,[]
EUCALYPTUS DR,MIDDLEFIELD DR,[]
EUCALYPTUS DR,RIVERTON DR,[]
EUCALYPTUS DR,SPRINGFIELD DR,[]
EUCALYPTUS DR,EVERGLADE DR,[]
EUCALYPTUS DR,HAVENSIDE DR,[]
EUCALYPTUS DR,WESTMOORLAND DR,[]
BUSH ST \ PRESIDIO AVE,EUCLID AVE,[]
EUCLID AVE,MASONIC AVE,[]
EUCLID AVE,LAUREL ST,[]
EUCLID AVE,MANZANITA AVE,[]
EUCLID AVE,IRIS AVE,[]
EUCLID AVE,HEATHER AVE,[]
EUCLID AVE,SPRUCE ST,[]
EUCLID AVE,PARKER AVE,[]
EUCLID AVE,JORDAN AVE,[]
EUCLID AVE,PALM AVE,[]
EUGENIA AVE,MISSION ST,[]
EUGENIA AVE,PROSPECT AVE,[]
EUGENIA AVE,WINFIELD ST,[]
ELSIE ST \ VIRGINIA AVE,EUGENIA AVE,[]
BENNINGTON ST \ BOCANA ST,EUGENIA AVE,[]
EUGENIA AVE,WOOL ST,[]
EUGENIA AVE,MOULTRIE ST,[]
EUGENIA AVE,GATES ST,[]
EUGENIA AVE,FOLSOM ST,[]
EUGENIA AVE,PRENTISS ST,[]
EUREKA ST,MARKET ST,[]
ARELIOUS WALKER DR \ FITCH ST,EVANS AVE,[]
EVANS AVE,GRIFFITH ST,[]
EVANS AVE,HAWES ST,[]
EVANS AVE,HUNTERS POINT BLVD,[]
EVANS AVE,JENNINGS ST \ MIDDLE POINT RD,[]
EVANS AVE,KEITH ST,[]
EVANS AVE,MENDELL ST,[]
EVANS AVE,NEWHALL ST,[]
EVANS AVE,PHELPS ST,[]
EVANS AVE,QUINT ST,[]
EVANS AVE,RANKIN ST,[]
EVANS AVE,SELBY ST,[]
EVANS AVE,NAPOLEON ST \ TOLAND ST,[]
EVANS AVE,MARIN ST,[]
EVE ST,HOLLADAY AVE,[]
EVELYN WAY,PORTOLA DR,[]
EVELYN WAY,JUANITA WAY,[]
EVELYN WAY,TERESITA BLVD,[]
CONSTANSO WAY \ SLOAT BLVD,EVERGLADE DR,[]
EVERGLADE DR,OCEAN AVE,[]
EVERGLADE DR,GELLERT DR,[]
EWER PL,MASON ST,[]
EWING TER,MASONIC AVE,[]
EWING TER,JEAN WAY,[]
EXCELSIOR AVE,MISSION ST,[]
EXCELSIOR AVE,LONDON ST,[]
EXCELSIOR AVE,PARIS ST,[]
EXCELSIOR AVE,LISBON ST,[]
EXCELSIOR AVE,MADRID ST,[]
EXCELSIOR AVE,NAPLES ST,[]
EXCELSIOR AVE,VIENNA ST,[]
EXCELSIOR AVE,MOSCOW ST,[]
EXCELSIOR AVE,INA CT \ MUNICH ST,[]
EXCELSIOR AVE,PRAGUE ST,[]
EXCHANGE PL,PINE ST,[]
EXECUTIVE PARK BLVD,SANDPIPER COVE WAY \ THOMAS MELLON DR,[]
EXECUTIVE PARK BLVD,HARNEY WAY,[]
EXETER ST,PAUL AVE,[]
EXETER ST,SALINAS AVE,[]
EXPOSITION DR,GATEVIEW AVE,[]
FAIR AVE,MISSION ST,[]
FAIR AVE,PETERS AVE,[]
FAIR AVE,LUNDYS LN,[]
FAIR AVE,PROSPECT AVE,[]
FAIRBANKS ST,MUSEUM WAY \ ROOSEVELT WAY,[]
FAIRFAX AVE,GRIFFITH ST,[]
FAIRFAX AVE,HAWES ST,[]
FAIRFAX AVE,KEITH ST,[]
FAIRFAX AVE,LANE ST,[]
FAIRFAX AVE,MENDELL ST,[]
FAIRFAX AVE,NEWHALL ST,[]
FAIRFAX AVE,PHELPS ST,[]
FAIRFIELD WAY,OCEAN AVE,[]
FAIRFIELD WAY,LAKEWOOD AVE,[]
FAIRFIELD WAY,KENWOOD WAY \ MANOR DR,[]
FAIRMOUNT ST,WHITNEY ST,[]
FAIRMOUNT ST,LAIDLEY ST,[]
FAIRMOUNT ST,MIGUEL ST,[]
FAITH ST,HOLLADAY AVE,[]
FALLON PL,TAYLOR ST,[]
FALMOUTH ST,FOLSOM ST,[]
FALMOUTH ST,SHIPLEY ST,[]
15TH AVE \ QUINTARA ST,FANNING WAY,[]
FARALLONES ST,SAN JOSE AVE \ WHIPPLE AVE,[]
FARALLONES ST,PLYMOUTH AVE,[]
FARALLONES ST,ORIZABA AVE,[]
FARNSWORTH LN,WILLARD ST,[]
FARNUM ST,MORELAND ST,[]
FARNUM ST,MOFFITT ST,[]
FARRAGUT AVE,MISSION ST,[]
FARRAGUT AVE,RAE AVE,[]
FARRAGUT AVE,HURON AVE,[]
FARRAGUT AVE,MONETA WAY,[]
BROAD ST \ SAN JOSE AVE,FARRAGUT AVE,[]
FARVIEW CT,MARVIEW WAY,[]
FARVIEW CT,FREDELA LN,[]
FAXON AVE,MONTANA ST,[]
FAXON AVE,THRIFT ST,[]
FAXON AVE,LAKEVIEW AVE,[]
FAXON AVE,GRAFTON AVE,[]
FAXON AVE,HOLLOWAY AVE,[]
FAXON AVE,OCEAN AVE,[]
FAXON AVE,SOUTHWOOD DR,[]
ELMWOOD WAY \ SOUTHWOOD DR,FAXON AVE,[]
FAXON AVE,WILDWOOD WAY,[]
FAXON AVE,KENWOOD WAY \ NORTHWOOD DR,[]
FAXON AVE,PIZARRO WAY,[]
FAXON AVE,MONTEREY BLVD,[]
FEDERAL ST,RINCON ST,[]
FELL ACCESS RD,FELL ST,[]
FELL ACCESS RD,FELL ST \ STANYAN ST,[]
10TH ST \ MARKET ST \ POLK ST,FELL ST,[]
FELL ST,VAN NESS AVE,[]
FELL ST,FRANKLIN ST,[]
FELL ST,GOUGH ST,[]
FELL ST,OCTAVIA ST,[]
FELL ST,LAGUNA ST,[]
FELL ST,WEBSTER ST,[]
FELL ST,FILLMORE ST,[]
FELL ST,STEINER ST,[]
FELL ST,PIERCE ST,[]
FELL ST,SCOTT ST,[]
FELL ST,LYON ST,[]
FELL ST,MASONIC AVE,[]
FELL ST,SHRADER ST,[]
FELL ACCESS RD \ STANYAN ST,FELL ST,[]
FELL ST,JOHN F KENNEDY DR \ OAK ST \ STANYAN ST,[]
FELLA PL,POWELL ST,[]
FELTON ST,SAN BRUNO AVE,[]
FELTON ST,GIRARD ST,[]
FELTON ST,GOETTINGEN ST,[]
FELTON ST,SOMERSET ST,[]
FELTON ST,HOLYOKE ST,[]
FELTON ST,HAMILTON ST,[]
FELTON ST,UNIVERSITY ST,[]
FELTON ST,PRINCETON ST,[]
FELTON ST,YALE ST,[]
FELTON ST,OXFORD ST,[]
FELTON ST,HARVARD ST,[]
FELTON ST,GAMBIER ST,[]
FELTON ST,MADISON ST,[]
AVALON AVE \ PERU AVE,FELTON ST,[]
FENTON LN,PORTOLA DR,[]
FERN ST,LARKIN ST,[]
FERN ST,POLK ST,[]
FERN ST,VAN NESS AVE,[]
FERN ST,FRANKLIN ST,[]
FERN ST,GOUGH ST,[]
FERNANDEZ ST,MACARTHUR AVE,[]
FERNANDEZ ST,QUARRY RD,[]
FERNWOOD DR,RAVENWOOD DR \ ROSEWOOD DR,[]
BRENTWOOD AVE \ ROSEWOOD DR \ UNNAMED 040,FERNWOOD DR,[]
FIELDING ST,STOCKTON ST,[]
FIFTH ST,MERRIMAC ST \ MISSION BAY BLVD,[]
FIFTH ST,NELSON RISING LN,[]
FIFTH ST,GENE FRIEND WAY,[]
FILBERT ST,SANSOME ST,[]
FILBERT ST,NAPIER LN,[]
FILBERT ST,MONTGOMERY ST,[]
FILBERT ST,TELEGRAPH HILL BLVD,[]
FILBERT ST,KEARNY ST,[]
FILBERT ST,GENOA PL,[]
FILBERT ST,VARENNES ST,[]
FILBERT ST,GRANT AVE,[]
FILBERT ST,MEDAU PL,[]
FILBERT ST,JASPER PL,[]
FILBERT ST,KRAUSGRILL PL,[]
FILBERT ST,STOCKTON ST,[]
FILBERT ST,POWELL ST,[]
COLUMBUS AVE \ VIA BUFANO,FILBERT ST,[]
FILBERT ST,SCOTLAND ST,[]
FILBERT ST,MASON ST,[]
FILBERT ST,TAYLOR ST,[]
FILBERT ST,REDFIELD ALY,[]
FILBERT ST,JONES ST,[]
FILBERT ST,LEAVENWORTH ST,[]
FILBERT ST,HYDE ST,[]
FILBERT ST,LARKIN ST,[]
FILBERT ST,POLK ST,[]
FILBERT ST,VAN NESS AVE,[]
FILBERT ST,FRANKLIN ST,[]
FILBERT ST,GOUGH ST,[]
FILBERT ST,OCTAVIA ST,[]
FILBERT ST,LAGUNA ST,[]
FILBERT ST,WEBSTER ST,[]
FILBERT ST,FILLMORE ST,[]
FILBERT ST,STEINER ST,[]
FILBERT ST,PIERCE ST,[]
FILBERT ST,SCOTT ST,[]
FILBERT ST,LYON ST,[]
FILLMORE ST,HERMANN ST,[]
FILLMORE ST,GERMANIA ST,[]
FILLMORE ST,WALLER ST,[]
FILLMORE ST,LAUSSAT ST,[]
FILLMORE ST,HAIGHT ST,[]
FILLMORE ST,PAGE ST,[]
FILLMORE ST,OAK ST,[]
FILLMORE ST,HAYES ST,[]
FILLMORE ST,GROVE ST,[]
FILLMORE ST,FULTON ST,[]
FILLMORE ST,MCALLISTER ST,[]
FILLMORE ST,GOLDEN GATE AVE,[]
FILLMORE ST,TURK ST,[]
FILLMORE ST,OFARRELL ST,[]
FILLMORE ST,GEARY BLVD,[]
FILLMORE ST,POST ST,[]
FILLMORE ST,SUTTER ST,[]
FILLMORE ST,WILMOT ST,[]
FILLMORE ST,PINE ST,[]
FILLMORE ST,SACRAMENTO ST,[]
FILLMORE ST,WASHINGTON ST,[]
FILLMORE ST,JACKSON ST,[]
FILLMORE ST,PACIFIC AVE,[]
FILLMORE ST,VALLEJO ST,[]
FILLMORE ST,GREEN ST,[]
FILLMORE ST,UNION ST,[]
FILLMORE ST,PIXLEY ST,[]
FILLMORE ST,GREENWICH ST,[]
FILLMORE ST,MOULTON ST,[]
FILLMORE ST,LOMBARD ST,[]
BAY ST \ CERVANTES BLVD,FILLMORE ST,[]
FILLMORE ST,NORTH POINT ST,[]
FILLMORE ST,JEFFERSON ST,[]
FILLMORE ST,RETIRO WAY,[]
FILLMORE ST,MARINA BLVD,[]
ARGUELLO BLVD \ WEST PACIFIC AVE,FINLEY RD,[]
FIRST DR EAST,FIRST DR \ MAIN DR \ SOUTH DR,[]
FIRST DR EAST,FIRST DR \ NORTH DR,[]
FIRST DR WEST,FIRST DR \ SECOND DR \ SOUTH DR,[]
FIRST DR WEST,FIRST DR \ NORTH DR,[]
FISHER ALY,TURK MURPHY LN,[]
FISHER ALY,POWELL ST,[]
FISHER LOOP,UNNAMED 075,[]
FISHER LOOP,INFANTRY TER \ UNNAMED 075,[]
FISHER LOOP,ORD ST \ SHERIDAN AVE,[]
FITCH ST,INDIA ST,[]
ARELIOUS WALKER DR \ EVANS AVE,FITCH ST,[]
FITZGERALD AVE,TEVIS ST,[]
FITZGERALD AVE,SHIP ST,[]
FITZGERALD AVE,GRIFFITH ST,[]
FITZGERALD AVE,HAWES ST,[]
FITZGERALD AVE,INGALLS ST,[]
FITZGERALD AVE,JENNINGS ST,[]
FITZGERALD AVE,KEITH ST,[]
FLOOD AVE,FOERSTER ST,[]
FLOOD AVE,GENNESSEE ST,[]
FLOOD AVE,PHELAN AVE,[]
FLOOD AVE,RIDGEWOOD AVE,[]
FLOOD AVE,HAZELWOOD AVE,[]
FLORA ST,THORNTON AVE,[]
FLORENCE ST,VALLEJO ST,[]
FLORENTINE AVE,MISSION ST,[]
FLORENTINE AVE,MORSE ST,[]
DIVISION ST \ TREAT AVE,FLORIDA ST,[]
FLORIDA ST,MARIPOSA ST,[]
FLORIDA ST,PRECITA AVE,[]
FLORIDA ST,PERALTA AVE,[]
FLOURNOY ST,RHINE ST,[]
FLOWER ST,PATTERSON ST,[]
FLOWER ST,LOOMIS ST,[]
FOERSTER ST,JUDSON AVE,[]
FOERSTER ST,SUNNYSIDE TER,[]
FOERSTER ST,STAPLES AVE,[]
FOERSTER ST,HEARST AVE,[]
FOERSTER ST,MONTEREY BLVD,[]
FOERSTER ST,JOOST AVE,[]
FOERSTER ST,MANGELS AVE,[]
FOERSTER ST,MELROSE AVE,[]
FOERSTER ST,TERESITA BLVD,[]
FOERSTER ST,LOS PALMOS DR,[]
FOERSTER ST,GATUN ALY,[]
FOLSOM ST,THE EMBARCADERO,[]
FOLSOM ST,SPEAR ST,[]
FOLSOM ST,MAIN ST,[]
FOLSOM ST,ZENO PL,[]
FOLSOM ST,FREMONT ST,[]
FOLSOM ST,GROTE PL,[]
FOLSOM ST,HAWTHORNE ST,[]
FOLSOM ST,MABINI ST,[]
FOLSOM ST,HARRIET ST,[]
FOLSOM ST,RUSS ST,[]
FOLSOM ST,SHERMAN ST,[]
FOLSOM ST,MOSS ST,[]
FOLSOM ST,LANGTON ST,[]
FOLSOM ST,HALLAM ST,[]
FOLSOM ST,RAUSCH ST,[]
FOLSOM ST,RODGERS ST,[]
FOLSOM ST,JUNIPER ST,[]
FOLSOM ST,NORFOLK ST,[]
FOLSOM ST,KAMILLE CT,[]
FOLSOM ST,PRECITA AVE,[]
BESSIE ST \ PRECITA AVE,FOLSOM ST,[]
FOLSOM ST,STONEMAN ST,[]
FOLSOM ST,RIPLEY ST,[]
FOLSOM ST,POWHATTAN AVE,[]
FOLSOM ST,JARBOE AVE,[]
FOLSOM ST,TOMPKINS AVE,[]
FOLSOM ST,OGDEN AVE,[]
FONT BLVD,JUNIPERO SERRA BLVD,[]
FONT BLVD,GONZALEZ DR,[]
FONT BLVD,JUAN BAUTISTA CIR,[]
FONT BLVD,SERRANO DR,[]
FONT BLVD,HOLLOWAY AVE \ TAPIA DR,[]
ARBALLO DR \ TAPIA DR,FONT BLVD,[]
FONT BLVD,LAKE MERCED BLVD,[]
FOOTE AVE,MISSION ST,[]
FOOTE AVE,HURON AVE,[]
FORD ST,SANCHEZ ST,[]
FORD ST,NOE ST,[]
FOREST HILL PATH,LOPEZ AVE \ PACHECO ST,[]
CASTENADA AVE \ MAGELLAN AVE,FOREST HILL PATH,[]
FOREST KNOLLS DR,WOODHAVEN CT,[]
FOREST KNOLLS DR,OAK PARK DR,[]
FOREST RD,NIMITZ LN \ SIGNAL RD \ YERBA BUENA DR \ YERBA BUENA RD,[]
FOREST RD,YERBA BUENA DR \ YERBA BUENA RD,[]
FOREST SIDE AVE,TARAVAL ST,[]
FOREST SIDE AVE,ULLOA ST,[]
FOREST SIDE AVE,VICENTE ST,[]
FOREST VIEW DR,SLOAT BLVD,[]
FOREST VIEW DR,OCEAN AVE,[]
FORT FUNSTON RD,SKYLINE BLVD,[]
FORT MASON 10,FORT MASON 12 \ SHAFTER CT,[]
FORT MASON 10,FORT MASON 8 \ FORT MASON 9,[]
FORT MASON 10 \ SHAFTER CT,FORT MASON 12,[]
FORT MASON 12,FORT MASON 13 \ SHAFTER CT,[]
FORT MASON 12 \ SHAFTER CT,FORT MASON 13,[]
FORT MASON 13,FORT MASON 15 \ FRANKLIN ST,[]
FORT MASON 15,FORT MASON 16 \ FORT MASON 9,[]
FORT MASON 13 \ FRANKLIN ST,FORT MASON 15,[]
FORT MASON 16,FORT MASON 19 \ FRANKLIN ST \ MACARTHUR AVE \ POPE RD,[]
FORT MASON 15 \ FORT MASON 9,FORT MASON 16,[]
FORT MASON 17,FORT MASON 21 \ MACARTHUR AVE,[]
FORT MASON 17,FORT MASON 18 \ FORT MASON 20,[]
FORT MASON 17 \ FORT MASON 20,FORT MASON 18,[]
FORT MASON 18,FORT MASON 19 \ FORT MASON 20,[]
FORT MASON 18 \ FORT MASON 20,FORT MASON 19,[]
FORT MASON 16 \ FRANKLIN ST \ MACARTHUR AVE \ POPE RD,FORT MASON 19,[]
FORT MASON 18 \ FORT MASON 19,FORT MASON 20,[]
FORT MASON 17 \ FORT MASON 18,FORT MASON 20,[]
FORT MASON 17 \ MACARTHUR AVE,FORT MASON 21,[]
FORT MASON 10 \ FORT MASON 9,FORT MASON 8,[]
FORT MASON 8,MACARTHUR AVE,[]
FORT MASON 10 \ FORT MASON 8,FORT MASON 9,[]
FORT MASON 15 \ FORT MASON 16,FORT MASON 9,[]
FORT MILEY 3,VETERANS DR,[]
FORT MILEY 5,VETERANS DR,[]
FORT MILEY 6,FORT MILEY 7,[]
EL CAMINO DEL MAR \ VETERANS DR,FORT MILEY 7,[]
FORTUNA AVE,TERRA VISTA AVE,[]
FOWLER AVE,PORTOLA DR \ SYDNEY WAY,[]
FOWLER AVE,JUANITA WAY,[]
FOWLER AVE,TERESITA BLVD,[]
FRANCE AVE,MISSION ST,[]
FRANCE AVE,LONDON ST,[]
FRANCE AVE,PARIS ST,[]
FRANCE AVE,LISBON ST,[]
FRANCE AVE,MADRID ST,[]
FRANCE AVE,NAPLES ST,[]
FRANCE AVE,VIENNA ST,[]
FRANCE AVE,MOSCOW ST,[]
FRANCIS ST,MISSION ST,[]
FRANCISCO ST,MONTGOMERY ST,[]
FRANCISCO ST,KEARNY ST,[]
FRANCISCO ST,GRANT AVE,[]
FRANCISCO ST,MIDWAY ST,[]
FRANCISCO ST,STOCKTON ST,[]
FRANCISCO ST,WORDEN ST,[]
FRANCISCO ST,POWELL ST,[]
FRANCISCO ST,MASON ST,[]
FRANCISCO ST,TAYLOR ST,[]
FRANCISCO ST,JONES ST,[]
FRANCISCO ST,LEAVENWORTH ST,[]
FRANCISCO ST,HYDE ST,[]
FRANCISCO ST,LARKIN ST,[]
FRANCISCO ST,POLK ST,[]
FRANCISCO ST,VAN NESS AVE,[]
FRANCISCO ST,FRANKLIN ST,[]
FRANCISCO ST,GOUGH ST,[]
FRANCISCO ST,OCTAVIA ST,[]
FRANCISCO ST,LAGUNA ST,[]
ALHAMBRA ST \ SCOTT ST,FRANCISCO ST,[]
FRANCISCO ST,RICHARDSON AVE,[]
FRANCISCO ST,GORGAS AVE \ LYON ST,[]
FRANCONIA ST,PERALTA AVE,[]
FRANCONIA ST,MULLEN AVE,[]
FRANCONIA ST,MONTCALM ST,[]
FRANCONIA ST,RUTLEDGE ST,[]
FRANCONIA ST,MASSASOIT ST,[]
FRANCONIA ST,SAMOSET ST,[]
ESMERALDA AVE \ PERALTA AVE,FRANCONIA ST,[]
BREWSTER ST \ ESMERALDA AVE,FRANCONIA ST,[]
FRANCONIA ST,MAYFLOWER ST,[]
FRANCONIA ST,POWHATTAN AVE,[]
FRANK NORRIS ST,LARKIN ST,[]
AUSTIN ST \ POLK ST,FRANK NORRIS ST,[]
FRANKLIN ST,MARKET ST,[]
FRANKLIN ST,PAGE ST,[]
FRANKLIN ST,LILY ST,[]
FRANKLIN ST,OAK ST,[]
FRANKLIN ST,HICKORY ST,[]
FRANKLIN ST,LINDEN ST,[]
FRANKLIN ST,HAYES ST,[]
FRANKLIN ST,IVY ST,[]
FRANKLIN ST,GROVE ST,[]
FRANKLIN ST,FULTON ST,[]
FRANKLIN ST,MCALLISTER ST,[]
FRANKLIN ST,REDWOOD ST,[]
FRANKLIN ST,GOLDEN GATE AVE,[]
FRANKLIN ST,TURK ST,[]
FRANKLIN ST,LARCH ST,[]
FRANKLIN ST,WILLOW ST,[]
FRANKLIN ST,OLIVE ST,[]
FRANKLIN ST,OFARRELL ST \ STARR KING WAY,[]
FRANKLIN ST,MYRTLE ST,[]
FRANKLIN ST,GEARY BLVD,[]
FRANKLIN ST,PETER YORKE WAY \ POST ST,[]
FRANKLIN ST,SUTTER ST,[]
FRANKLIN ST,PINE ST,[]
FRANKLIN ST,SACRAMENTO ST,[]
FRANKLIN ST,WASHINGTON ST,[]
FRANKLIN ST,JACKSON ST,[]
FRANKLIN ST,PACIFIC AVE,[]
FRANKLIN ST,VALLEJO ST,[]
FRANKLIN ST,GREEN ST,[]
FRANKLIN ST,UNION ST,[]
FRANKLIN ST,GREENWICH ST,[]
FRANKLIN ST,LOMBARD ST,[]
FORT MASON 13 \ FORT MASON 15,FRANKLIN ST,[]
FORT MASON 16 \ FORT MASON 19 \ MACARTHUR AVE \ POPE RD,FRANKLIN ST,[]
FRANKLIN ST,FUNSTON RD,[]
FRATESSA CT,GIRARD ST,[]
FREDELA LN,MARVIEW WAY,[]
BUENA VISTA AVE,FREDERICK ST,[]
FREDERICK ST,MASONIC AVE,[]
FREDERICK ST,SHRADER ST,[]
FREDERICK ST,STANYAN ST,[]
FREDERICK ST,WILLARD ST,[]
ARGUELLO BLVD \ LINCOLN WAY,FREDERICK ST,[]
FREDSON CT,HURON AVE,[]
FREELON ST,ZOE ST,[]
FREMONT ST,FRONT ST \ MARKET ST,[]
FREMONT ST,MISSION ST,[]
FREMONT ST,TRANSBAY HUMP,[]
FREMONT ST,NATOMA ST,[]
FREMONT ST,HOWARD ST,[]
FREMONT ST,I-80 W OFF RAMP,[]
FREMONT ST,HARRISON ST \ I-80 W OFF RAMP,[]
FRENCH CT,HALLECK ST,[]
FRENCH CT,GRAHAM ST,[]
FRESNEL WAY,HEALY AVE,[]
FRESNO ST,KEARNY ST,[]
FRESNO ST,ROMOLO ST,[]
FRESNO ST,GRANT AVE,[]
FRIEDELL ST,HUDSON AVE,[]
FRIEDELL ST,INNES AVE,[]
FRIEDELL ST,JERROLD AVE,[]
FRIEDELL ST,KIRKWOOD AVE,[]
FRIENDSHIP CT,MCALLISTER ST,[]
FRIENDSHIP CT,FULTON ST,[]
FREMONT ST \ MARKET ST,FRONT ST,[]
FRONT ST,PINE ST,[]
FRONT ST,HALLECK ST,[]
FRONT ST,SACRAMENTO ST,[]
FRONT ST,JACKSON ST,[]
FRONT ST,PACIFIC AVE,[]
FRONT ST,VALLEJO ST,[]
FRONT ST,GREEN ST,[]
FRONT ST,JOHN MAHER ST,[]
FRONT ST,UNION ST,[]
FUENTE AVE,SERRANO DR,[]
FUENTE AVE,JUAN BAUTISTA CIR,[]
FULTON ST,HYDE ST \ UNITED NATIONS PLZ,[]
FULTON ST,LARKIN ST,[]
FULTON ST,GOUGH ST,[]
FULTON ST,OCTAVIA ST,[]
FULTON ST,LAGUNA ST,[]
FULTON ST,WEBSTER ST,[]
FULTON ST,STEINER ST,[]
FULTON ST,PIERCE ST,[]
FULTON ST,SCOTT ST,[]
FULTON ST,LYON ST,[]
FULTON ST,MASONIC AVE,[]
ASHBURY ST \ HEMWAY TER,FULTON ST,[]
FULTON ST,LOYOLA TER,[]
FULTON ST,PARKER AVE,[]
FULTON ST,SHRADER ST,[]
FULTON ST,STANYAN ST,[]
